Cordoba,MONTERÍA,FECULA DE PLATANO,Bulto,10000,2024-03-27
Cordoba,LOS CÓRDOBAS,Platano Papocho,Tonelada,7600,2024-04-10
Cordoba,CANALETE,Otros huevos de gallina con cáscara-frescos,Caja huevos 30 unidades,12000,2024-04-24
Cordoba,SAN PELAYO,FECULA DE PLATANO,Bulto,-28000,2024-03-07
Cordoba,MONTERÍA,FECULA DE PLATANO,Caja,27300,2023-05-07
Cordoba,MONTERÍA,FECULA DE PLATANO,Caja,28500,2023-07-22
Cordoba,MONTERÍA,FECULA DE PLATANO,Caja,28500,2023-03-09
Cordoba,MONTERÍA,FECULA DE PLATANO,Caja,16612.2,2023-10-06
Cordoba,SAHAGÚN,FECULA DE PLATANO,Caja,18738.9,2023-10-10
Cordoba,SAN PELAYO,FECULA DE PLATANO,Caja,30808.96,2023-06-22
Cordoba,SAN PELAYO,HARINA DE PLATANO,Bulto,3442.28,2023-11-19
Cordoba,SAHAGÚN,HARINA DE PLATANO,Bulto,29109.9,2023-12-09
Cordoba,SAHAGÚN,Mojarra Roja,Kilogramo,21948.44,2023-07-23
Cordoba,SAN PELAYO,FECULA DE PLATANO,Bulto,32908.98,2024-02-20
Cordoba,SAHAGÚN,FECULA DE PLATANO,Bulto,19030.3,2023-05-08
Cordoba,SAN PELAYO,FECULA DE PLATANO,Bulto,33991.3,2024-01-07
Cordoba,SAN PELAYO,FECULA DE PLATANO,Caja,19475.66,2023-05-14
Cordoba,SAHAGÚN,HARINA DE PLATANO,Libras,20634.84,2023-09-29
Cordoba,MONTERÍA,FECULA DE PLATANO,Libras,37234.12,2024-02-15
Cordoba,SAN PELAYO,HARINA DE PLATANO,Libras,4079.82,2024-01-29
Cordoba,SAN PELAYO,FECULA DE PLATANO,Libras,16250.88,2023-11-02
Cordoba,SAHAGÚN,FECULA DE PLATANO,Caja,10208.32,2023-06-21
Cordoba,SAHAGÚN,Mojarra Roja,Kilogramo,17940,2024-02-16
Cordoba,SAN PELAYO,FECULA DE PLATANO,Caja,22754.31,2023-06-18
Cordoba,MONTERÍA,FECULA DE PLATANO,Caja,27297.74,2023-08-25
Cordoba,SAN PELAYO,FECULA DE PLATANO,Caja,9144.59,2023-12-16
Cordoba,SAN PELAYO,FECULA DE PLATANO,Caja,23123.83,2023-11-03
Cordoba,MONTERÍA,FECULA DE PLATANO,Caja,8594.19,2023-06-18
Cordoba,SAHAGÚN,FECULA DE PLATANO,Caja,35239.66,2023-10-09
Cordoba,SAN PELAYO,HARINA DE PLATANO,Bulto,21630.72,2023-08-08
Cordoba,SAN PELAYO,HARINA DE PLATANO,Bulto,13866.2,2023-11-29
Cordoba,SAN PELAYO,Mojarra Roja,Kilogramo,33353.68,2023-10-11
Cordoba,SAHAGÚN,FECULA DE PLATANO,Bulto,24810.3,2023-04-27
Cordoba,MONTERÍA,FECULA DE PLATANO,Bulto,28121.04,2023-10-22
Cordoba,MONTERÍA,FECULA DE PLATANO,Bulto,9786.34,2023-02-27
Cordoba,SAHAGÚN,FECULA DE PLATANO,Caja,13043.8,2023-05-31
Cordoba,MONTERÍA,HARINA DE PLATANO,Libras,27687.4,2023-10-20
Cordoba,SAN PELAYO,FECULA DE PLATANO,Libras,7206.3,2023-05-03
Cordoba,SAHAGÚN,HARINA DE PLATANO,Libras,21042.21,2023-09-24
Cordoba,SAN PELAYO,Platano Papocho,Kilogramo,0,2024-03-29
Cauca,CAJIBÍO,Platano mediano.,Unidad,12444,2024-04-24
Cordoba,SAHAGÚN,FECULA DE PLATANO,Libras,6423.34,2023-05-10
Cordoba,MONTERÍA,FECULA DE PLATANO,Caja,27375.34,2023-12-16
Cordoba,LOS CÓRDOBAS,Mojarra Roja,Onza,11400,2024-04-04
Cordoba,CANALETE,Otros huevos de gallina con cáscara-frescos,Caja huevos 30 unidades,12500,2024-04-24
Cordoba,SAN PELAYO,Mojarra Roja,Kilogramo,11066.73,2023-09-30
Cordoba,SAHAGÚN,FECULA DE PLATANO,Caja,12235.05,2023-09-16
Cordoba,SAHAGÚN,FECULA DE PLATANO,Caja,11978.54,2023-04-29
Cordoba,LOS CÓRDOBAS,Mojarra Roja,Kilogramo,9800,2024-04-10
Cordoba,MOÑITOS,Plátano y otros,Bulto,34300,2024-04-25
Cordoba,SAN PELAYO,FECULA DE PLATANO,Caja,4938.12,2024-01-10
Cordoba,MONTERÍA,FECULA DE PLATANO,Caja,11804.7,2023-05-20
Cordoba,SAHAGÚN,FECULA DE PLATANO,Caja,13116.72,2024-02-07
Cordoba,SAN PELAYO,FECULA DE PLATANO,Caja,20689.13,2023-10-29
Cordoba,SAHAGÚN,HARINA DE PLATANO,Bulto,4188.72,2023-02-07
Cordoba,SAHAGÚN,HARINA DE PLATANO,Bulto,20602.56,2024-01-27
Cordoba,MONTERÍA,Mojarra Roja,Kilogramo,13005.12,2024-01-21
Cordoba,MONTERÍA,FECULA DE PLATANO,Bulto,18813.16,2023-12-20
Cordoba,MONTERÍA,FECULA DE PLATANO,Bulto,19189.8,2023-03-09
Cordoba,SAHAGÚN,FECULA DE PLATANO,Bulto,35162.5,2023-06-08
Cordoba,SAN PELAYO,FECULA DE PLATANO,Caja,15059.66,2023-04-13
Cordoba,SAN PELAYO,HARINA DE PLATANO,Libras,14416.14,2024-01-06
Cordoba,SAN PELAYO,FECULA DE PLATANO,Libras,14141.4,2023-05-25
Cordoba,SAHAGÚN,HARINA DE PLATANO,Libras,23205.31,2023-07-04
Cordoba,SAHAGÚN,FECULA DE PLATANO,Libras,7293.99,2023-09-25
Cordoba,SAN PELAYO,FECULA DE PLATANO,Caja,21945.21,2023-08-15
Cordoba,SAHAGÚN,Mojarra Roja,Kilogramo,24720.4,2023-04-11
Cordoba,SAHAGÚN,FECULA DE PLATANO,Caja,20382.96,2023-03-24
Cordoba,SAHAGÚN,FECULA DE PLATANO,Caja,8967.24,2023-06-14
Cordoba,SAHAGÚN,FECULA DE PLATANO,Caja,17938.8,2023-11-02
Cordoba,MONTERÍA,FECULA DE PLATANO,Caja,32824.12,2023-09-07
Cordoba,SAN PELAYO,FECULA DE PLATANO,Caja,9510.41,2023-08-08
Cordoba,MONTERÍA,FECULA DE PLATANO,Caja,9487.66,2023-12-22
Cordoba,MONTERÍA,HARINA DE PLATANO,Bulto,8366.48,2023-07-15
Cordoba,MONTERÍA,HARINA DE PLATANO,Bulto,32145.3,2023-06-20
Cordoba,SAN PELAYO,Mojarra Roja,Kilogramo,33444.9,2023-11-18
Cordoba,MONTERÍA,FECULA DE PLATANO,Bulto,22395.78,2023-08-17
Cordoba,SAHAGÚN,FECULA DE PLATANO,Bulto,9559.44,2023-10-17
Cordoba,MONTERÍA,FECULA DE PLATANO,Bulto,30635.78,2023-11-18
Cordoba,MONTERÍA,FECULA DE PLATANO,Caja,36176.64,2023-11-18
Cordoba,MONTERÍA,HARINA DE PLATANO,Libras,14226.66,2023-07-14
Cordoba,SAHAGÚN,FECULA DE PLATANO,Libras,22952.93,2023-09-19
Cordoba,MONTERÍA,HARINA DE PLATANO,Libras,11577.6,2023-11-01
Cordoba,SAN PELAYO,FECULA DE PLATANO,Libras,26947.68,2023-06-06
Cordoba,SAHAGÚN,FECULA DE PLATANO,Caja,37335.87,2024-01-28
Cordoba,SAHAGÚN,Mojarra Roja,Kilogramo,17297.28,2023-07-25
Cordoba,SAN PELAYO,FECULA DE PLATANO,Caja,33741.15,2023-11-01
Cordoba,SAHAGÚN,FECULA DE PLATANO,Caja,20505.52,2023-09-19
Cordoba,MONTERÍA,FECULA DE PLATANO,Caja,18580.38,2023-02-22
Cordoba,SAN PELAYO,FECULA DE PLATANO,Caja,10816.58,2023-12-14
Cordoba,MONTERÍA,FECULA DE PLATANO,Caja,15148.77,2023-09-21
Cordoba,SAN PELAYO,FECULA DE PLATANO,Caja,26525.59,2023-02-22
Cordoba,SAN PELAYO,HARINA DE PLATANO,Bulto,35365.44,2023-12-20
Cordoba,SAHAGÚN,HARINA DE PLATANO,Bulto,17864.37,2023-07-25
Cordoba,SAHAGÚN,Mojarra Roja,Kilogramo,22133.7,2023-11-01
Cordoba,SAHAGÚN,FECULA DE PLATANO,Bulto,7003.36,2023-12-01
Cordoba,SAHAGÚN,FECULA DE PLATANO,Bulto,22986.76,2023-08-17
Cordoba,MONTERÍA,FECULA DE PLATANO,Bulto,36642.87,2023-11-24
Cordoba,SAN PELAYO,FECULA DE PLATANO,Caja,22218.6,2023-05-31
Cordoba,MONTERÍA,HARINA DE PLATANO,Libras,30458,2023-03-17
Cordoba,SAN PELAYO,Platano Papocho,Bulto,142500,2024-03-16
Cordoba,SAN PELAYO,FECULA DE PLATANO,Libras,29976,2023-10-24
Cordoba,SAN PELAYO,HARINA DE PLATANO,Libras,19995.58,2024-02-24
Cordoba,MONTERÍA,FECULA DE PLATANO,Libras,12458.28,2023-10-24
Cordoba,SAHAGÚN,FECULA DE PLATANO,Caja,26003.25,2024-01-19
Cordoba,MONTERÍA,Mojarra Roja,Kilogramo,21021.3,2023-03-05
Cordoba,SAHAGÚN,FECULA DE PLATANO,Caja,33667.27,2023-09-18
Cordoba,MONTERÍA,FECULA DE PLATANO,Caja,12666.26,2023-12-09
Cordoba,MONTERÍA,FECULA DE PLATANO,Caja,16742.34,2023-04-18
Cordoba,SAHAGÚN,FECULA DE PLATANO,Caja,36002.15,2023-06-18
Cordoba,MONTERÍA,FECULA DE PLATANO,Caja,30585.07,2023-09-22
Cordoba,MONTERÍA,FECULA DE PLATANO,Caja,35259.42,2023-03-18
Cordoba,MONTERÍA,HARINA DE PLATANO,Bulto,17016.4,2023-10-08
Cordoba,SAN PELAYO,HARINA DE PLATANO,Bulto,10626,2023-02-02
Cordoba,MONTERÍA,Mojarra Roja,Kilogramo,11212.23,2023-03-13
Cordoba,SAN PELAYO,FECULA DE PLATANO,Bulto,23535.51,2023-12-18
Cordoba,MONTERÍA,FECULA DE PLATANO,Bulto,6428.07,2023-02-07
Cordoba,SAN PELAYO,FECULA DE PLATANO,Bulto,23131.29,2023-08-24
Cordoba,SAN PELAYO,FECULA DE PLATANO,Caja,26357.1,2023-04-08
Cordoba,MONTERÍA,HARINA DE PLATANO,Libras,19423.8,2023-10-15
Cordoba,MONTERÍA,FECULA DE PLATANO,Libras,10279.8,2023-04-16
Cordoba,MONTERÍA,HARINA DE PLATANO,Libras,6882.68,2023-04-26
Cordoba,SAHAGÚN,FECULA DE PLATANO,Libras,7866,2023-11-20
Cordoba,MONTERÍA,FECULA DE PLATANO,Caja,13272.51,2023-04-12
Cordoba,MONTERÍA,Mojarra Roja,Kilogramo,26024.84,2023-11-29
Cordoba,SAN PELAYO,FECULA DE PLATANO,Caja,13904.24,2023-05-29
Cordoba,SAHAGÚN,FECULA DE PLATANO,Caja,35623.68,2023-05-17
Cordoba,MONTERÍA,FECULA DE PLATANO,Caja,27402.76,2023-06-23
Cordoba,SAN PELAYO,FECULA DE PLATANO,Caja,15419.12,2023-07-10
Cordoba,SAN PELAYO,FECULA DE PLATANO,Caja,24621.75,2023-01-29
Cordoba,MONTERÍA,FECULA DE PLATANO,Caja,7125,2024-01-27
Cordoba,SAN PELAYO,HARINA DE PLATANO,Bulto,33552.1,2023-06-13
Cordoba,SAHAGÚN,HARINA DE PLATANO,Bulto,9408.03,2023-07-29
Cordoba,SAN PELAYO,Mojarra Roja,Kilogramo,15580.8,2023-08-22
Cordoba,SAHAGÚN,FECULA DE PLATANO,Bulto,25385.87,2024-01-14
Cordoba,MONTERÍA,FECULA DE PLATANO,Bulto,11517.3,2023-02-26
Cordoba,SAHAGÚN,FECULA DE PLATANO,Bulto,11294.92,2023-05-06
Cordoba,SAN PELAYO,FECULA DE PLATANO,Caja,23542.95,2023-02-14
Cordoba,MONTERÍA,HARINA DE PLATANO,Libras,30787.12,2023-03-02
Cordoba,SAHAGÚN,FECULA DE PLATANO,Libras,32024.44,2023-02-24
Cordoba,SAHAGÚN,HARINA DE PLATANO,Libras,10383.45,2023-03-12
Cordoba,SAHAGÚN,FECULA DE PLATANO,Libras,28766.92,2023-10-16
Cordoba,SAHAGÚN,FECULA DE PLATANO,Caja,15396.48,2023-08-30
Cordoba,SAN PELAYO,Mojarra Roja,Kilogramo,34339.92,2023-04-09
Cordoba,MONTERÍA,FECULA DE PLATANO,Caja,36474.57,2023-09-26
Cordoba,SAHAGÚN,FECULA DE PLATANO,Caja,15591.51,2023-12-24
Cordoba,MONTERÍA,FECULA DE PLATANO,Caja,19595.08,2023-07-20
Cordoba,SAN PELAYO,FECULA DE PLATANO,Caja,21794.5,2023-06-18
Cordoba,MONTERÍA,FECULA DE PLATANO,Caja,34329.24,2023-10-24
Cordoba,SAN PELAYO,FECULA DE PLATANO,Caja,5169.9,2023-04-01
Cordoba,MONTERÍA,HARINA DE PLATANO,Bulto,35491.05,2023-11-17
Cordoba,SAN PELAYO,HARINA DE PLATANO,Bulto,16555.28,2023-10-29
Cordoba,SAHAGÚN,Mojarra Roja,Kilogramo,2567.72,2023-05-16
Cordoba,SAN PELAYO,FECULA DE PLATANO,Bulto,13270.18,2024-01-07
Cordoba,SAN PELAYO,FECULA DE PLATANO,Bulto,16148.26,2023-11-03
Cordoba,SAN PELAYO,FECULA DE PLATANO,Bulto,28157.76,2023-11-15
Cordoba,SAHAGÚN,FECULA DE PLATANO,Caja,30465.26,2023-12-01
Cordoba,SAN PELAYO,HARINA DE PLATANO,Libras,9543.6,2023-02-15
Cordoba,SAHAGÚN,FECULA DE PLATANO,Libras,35852.32,2023-12-06
Cordoba,SAN PELAYO,HARINA DE PLATANO,Libras,3782.9,2023-05-24
Cordoba,MONTERÍA,FECULA DE PLATANO,Libras,14789.18,2023-04-10
Cordoba,SAHAGÚN,FECULA DE PLATANO,Caja,24219.92,2023-05-25
Cordoba,SAN PELAYO,Platano Papocho,Kilogramo,0,2024-03-16
Cordoba,SAN PELAYO,FECULA DE PLATANO,Bulto,32974.06,2023-11-26
Cordoba,SAN PELAYO,Mojarra Roja,Kilogramo,36124.74,2023-01-29
Cordoba,MONTERÍA,FECULA DE PLATANO,Caja,30543.08,2023-11-14
Cordoba,SAHAGÚN,FECULA DE PLATANO,Caja,25404.3,2024-02-03
Cordoba,MONTERÍA,HARINA DE PLATANO,Bulto,10868.130000000001,2023-11-11
Cordoba,CANALETE,Plátano y otros,Bulto,38000,2024-05-02
Cordoba,LORICA,Plátano y otros,Bulto,37830,2024-05-02
Cordoba,MONTERÍA,Ganado ovino - Ovis aries - puro,Unidad,166600,2024-05-02
Cordoba,SAHAGÚN,FECULA DE PLATANO,Caja,22239,2023-02-02
Cordoba,SAHAGÚN,FECULA DE PLATANO,Caja,4774.26,2023-09-23
Cordoba,MONTERÍA,FECULA DE PLATANO,Caja,5031.48,2024-02-04
Cordoba,MONTERÍA,FECULA DE PLATANO,Caja,5858.07,2023-03-13
Cordoba,SAHAGÚN,HARINA DE PLATANO,Bulto,31934.62,2023-12-24
Cordoba,MONTERÍA,HARINA DE PLATANO,Bulto,10983.88,2023-07-08
Cordoba,MONTERÍA,Mojarra Roja,Kilogramo,4248,2023-09-30
Cordoba,MONTERÍA,FECULA DE PLATANO,Bulto,28250.15,2023-06-04
Cordoba,MONTERÍA,FECULA DE PLATANO,Bulto,23700.12,2023-05-30
Cordoba,SAHAGÚN,FECULA DE PLATANO,Bulto,12789.81,2023-02-22
Cordoba,SAHAGÚN,FECULA DE PLATANO,Caja,25745.19,2023-04-10
Cordoba,SAN PELAYO,HARINA DE PLATANO,Libras,8773.62,2023-10-24
Cordoba,MONTERÍA,FECULA DE PLATANO,Libras,19463.64,2023-06-19
Cordoba,SAN PELAYO,HARINA DE PLATANO,Libras,20316.7,2023-03-16
Cordoba,MONTERÍA,FECULA DE PLATANO,Libras,28791.65,2023-10-26
Cordoba,SAN PELAYO,FECULA DE PLATANO,Caja,17706.15,2023-08-29
Cordoba,SAHAGÚN,Mojarra Roja,Kilogramo,33759.18,2023-05-30
Cordoba,MONTERÍA,FECULA DE PLATANO,Caja,26883.36,2023-02-24
Cordoba,SAN PELAYO,FECULA DE PLATANO,Caja,20353.06,2024-01-17
Cordoba,SAN PELAYO,FECULA DE PLATANO,Caja,19039.4,2023-12-17
Cordoba,SAN PELAYO,FECULA DE PLATANO,Caja,18129.8,2023-06-08
Cordoba,SAN PELAYO,FECULA DE PLATANO,Caja,34376.64,2023-07-17
Cordoba,MONTERÍA,FECULA DE PLATANO,Caja,15343.51,2023-03-21
Cordoba,SAN PELAYO,HARINA DE PLATANO,Bulto,6549.92,2023-07-04
Cordoba,MONTERÍA,HARINA DE PLATANO,Bulto,27520.32,2023-01-27
Cordoba,MONTERÍA,Mojarra Roja,Kilogramo,26187.48,2023-05-04
Cordoba,SAN PELAYO,FECULA DE PLATANO,Bulto,26223.8,2023-02-22
Cordoba,MONTERÍA,FECULA DE PLATANO,Bulto,7035.42,2023-02-22
Cordoba,SAN PELAYO,FECULA DE PLATANO,Bulto,34857.92,2023-10-11
Cordoba,SAN PELAYO,FECULA DE PLATANO,Caja,6954.24,2023-12-27
Cordoba,SAHAGÚN,HARINA DE PLATANO,Libras,17730.9,2023-07-26
Cordoba,SAN PELAYO,FECULA DE PLATANO,Libras,32304.88,2023-10-03
Cordoba,MONTERÍA,HARINA DE PLATANO,Libras,27960.38,2023-09-05
Cordoba,SAHAGÚN,FECULA DE PLATANO,Libras,15987.51,2023-11-03
Cordoba,SAHAGÚN,FECULA DE PLATANO,Caja,15962.76,2023-06-23
Cordoba,MONTERÍA,Mojarra Roja,Kilogramo,25880.64,2023-10-04
Cordoba,SAN PELAYO,FECULA DE PLATANO,Caja,24543.9,2023-09-12
Cordoba,MONTERÍA,FECULA DE PLATANO,Caja,34427.5,2023-09-27
Cordoba,MONTERÍA,FECULA DE PLATANO,Caja,26519.25,2023-08-24
Cordoba,SAN PELAYO,FECULA DE PLATANO,Caja,25945.92,2023-04-18
Cordoba,MONTERÍA,FECULA DE PLATANO,Caja,16644.6,2023-08-28
Cordoba,SAN PELAYO,FECULA DE PLATANO,Caja,19892.07,2023-04-24
Cordoba,SAN PELAYO,HARINA DE PLATANO,Bulto,35295.35,2023-05-20
Cordoba,MONTERÍA,HARINA DE PLATANO,Bulto,32051.7,2023-05-16
Cordoba,SAHAGÚN,Mojarra Roja,Kilogramo,2615.62,2023-05-12
Cordoba,MONTERÍA,FECULA DE PLATANO,Bulto,8481.48,2024-02-02
Cordoba,SAN PELAYO,FECULA DE PLATANO,Bulto,9656.01,2023-02-10
Cordoba,SAN PELAYO,FECULA DE PLATANO,Bulto,34869.75,2023-12-22
Cordoba,SAHAGÚN,FECULA DE PLATANO,Caja,19123.2,2024-01-29
Cordoba,MONTERÍA,HARINA DE PLATANO,Libras,30119.32,2024-01-01
Cordoba,SAN PELAYO,Platano Papocho,Onza,11400,2024-04-11
Cordoba,SAHAGÚN,FECULA DE PLATANO,Libras,21355.88,2023-04-01
Cordoba,SAHAGÚN,HARINA DE PLATANO,Libras,15785.55,2023-02-17
Cordoba,SAN PELAYO,FECULA DE PLATANO,Libras,11395.29,2024-01-22
Cordoba,SAHAGÚN,FECULA DE PLATANO,Caja,14942.24,2023-11-14
Cordoba,SAHAGÚN,Mojarra Roja,Kilogramo,25582.44,2023-10-12
Cordoba,MONTERÍA,FECULA DE PLATANO,Caja,6814.99,2023-09-04
Cordoba,SAHAGÚN,HARINA DE PLATANO,Bulto,22848.24,2023-10-15
Cordoba,MONTERÍA,HARINA DE PLATANO,Bulto,32330.1,2024-02-09
Cordoba,SAHAGÚN,HARINA DE PLATANO,Bulto,9332.96,2023-11-10
Cordoba,MONTERÍA,HARINA DE PLATANO,Bulto,10357.619999999999,2023-02-10
Cordoba,SAN PELAYO,HARINA DE PLATANO,Bulto,19396.12,2023-12-13
Cordoba,MONTERÍA,HARINA DE PLATANO,Bulto,8751.47,2023-11-11
Cordoba,SAHAGÚN,HARINA DE PLATANO,Bulto,24902.81,2023-03-18
Cordoba,SAN PELAYO,HARINA DE PLATANO,Bulto,33624.15,2024-02-24
Cordoba,SAN PELAYO,HARINA DE PLATANO,Bulto,23434.14,2024-02-15
Cordoba,MONTERÍA,HARINA DE PLATANO,Bulto,14053,2023-08-29
Cordoba,SAHAGÚN,HARINA DE PLATANO,Bulto,11411.52,2023-03-06
Cordoba,SAN PELAYO,HARINA DE PLATANO,Bulto,30816.9,2023-08-01
Cordoba,SAN PELAYO,HARINA DE PLATANO,Bulto,26654.4,2023-04-10
Cordoba,SAHAGÚN,HARINA DE PLATANO,Bulto,21481.62,2023-04-06
Cordoba,MONTERÍA,HARINA DE PLATANO,Bulto,13140.9,2024-02-01
Cordoba,SAHAGÚN,HARINA DE PLATANO,Bulto,5700.6,2023-04-20
Cordoba,SAHAGÚN,HARINA DE PLATANO,Bulto,6924.06,2023-02-23
Cordoba,SAHAGÚN,HARINA DE PLATANO,Bulto,23128,2023-08-28
Cordoba,MONTERÍA,HARINA DE PLATANO,Bulto,9295.66,2023-04-17
Cordoba,MONTERÍA,HARINA DE PLATANO,Bulto,31441.2,2023-11-19
Cordoba,MONTERÍA,HARINA DE PLATANO,Bulto,2362.5,2023-07-31
Cordoba,SAN PELAYO,HARINA DE PLATANO,Bulto,30254.4,2024-01-06
Cordoba,SAN PELAYO,HARINA DE PLATANO,Bulto,23734.8,2023-10-02
Cordoba,SAHAGÚN,HARINA DE PLATANO,Bulto,3303.63,2023-03-11
Cordoba,MONTERÍA,HARINA DE PLATANO,Bulto,17315.52,2023-03-21
Cordoba,SAHAGÚN,HARINA DE PLATANO,Bulto,33193.16,2023-08-20
Cordoba,MONTERÍA,HARINA DE PLATANO,Bulto,29402.26,2024-02-15
Cordoba,SAN PELAYO,HARINA DE PLATANO,Bulto,7128.96,2023-05-04
Cordoba,SAHAGÚN,HARINA DE PLATANO,Bulto,5613.3,2023-12-26
Cordoba,MONTERÍA,HARINA DE PLATANO,Bulto,12201.6,2024-02-13
Cordoba,MONTERÍA,HARINA DE PLATANO,Bulto,25817.1,2023-11-23
Cordoba,MONTERÍA,HARINA DE PLATANO,Bulto,20052.9,2023-03-24
Cordoba,SAN PELAYO,HARINA DE PLATANO,Bulto,26813.16,2023-11-15
Cordoba,MONTERÍA,HARINA DE PLATANO,Bulto,4831.4,2023-05-14
Cordoba,MONTERÍA,HARINA DE PLATANO,Bulto,18434.78,2023-05-18
Cordoba,MONTERÍA,HARINA DE PLATANO,Bulto,36273.15,2023-07-31
Cordoba,SAN PELAYO,HARINA DE PLATANO,Bulto,31632.44,2023-07-15
Cordoba,SAN PELAYO,HARINA DE PLATANO,Bulto,15000.86,2023-11-16
Cordoba,SAN PELAYO,HARINA DE PLATANO,Bulto,2489.52,2023-07-12
Cordoba,SAN PELAYO,HARINA DE PLATANO,Bulto,33696.39,2023-10-25
Cordoba,MONTERÍA,HARINA DE PLATANO,Bulto,33949.03,2024-01-23
Cordoba,SAHAGÚN,HARINA DE PLATANO,Bulto,33103.35,2023-05-21
Cordoba,SAHAGÚN,HARINA DE PLATANO,Bulto,3183.45,2023-02-03
Cordoba,SAN PELAYO,HARINA DE PLATANO,Bulto,33962.11,2024-02-29
Cordoba,SAN PELAYO,HARINA DE PLATANO,Bulto,9890,2023-09-09
Cordoba,MONTERÍA,HARINA DE PLATANO,Bulto,34416.28,2023-02-19
Cordoba,SAHAGÚN,HARINA DE PLATANO,Bulto,33574.5,2023-09-01
Cordoba,MONTERÍA,HARINA DE PLATANO,Bulto,30778.6,2024-01-27
Cordoba,SAHAGÚN,HARINA DE PLATANO,Bulto,24957.94,2023-02-11
Cordoba,SAN PELAYO,HARINA DE PLATANO,Bulto,6240.98,2023-11-07
Cordoba,SAN PELAYO,Platano Papocho,Kilogramo,9500,2024-04-11
Cordoba,MONTERÍA,HARINA DE PLATANO,Bulto,30273.3,2023-06-04
Cordoba,SAN PELAYO,HARINA DE PLATANO,Bulto,9368.9,2023-12-12
Cordoba,SAN PELAYO,HARINA DE PLATANO,Bulto,23264.1,2023-10-10
Cordoba,SAN PELAYO,HARINA DE PLATANO,Bulto,27935.18,2023-02-02
Cordoba,SAHAGÚN,HARINA DE PLATANO,Bulto,27837.16,2023-04-12
Cordoba,SAN PELAYO,HARINA DE PLATANO,Bulto,14047.67,2023-04-13
Cordoba,SAN PELAYO,HARINA DE PLATANO,Bulto,34712.42,2023-11-27
Cordoba,SAN PELAYO,HARINA DE PLATANO,Bulto,18642.54,2024-01-25
Cordoba,SAN PELAYO,HARINA DE PLATANO,Bulto,35785.24,2024-01-18
Cordoba,SAN PELAYO,HARINA DE PLATANO,Bulto,30282.07,2023-04-26
Cordoba,MONTERÍA,HARINA DE PLATANO,Bulto,16403.34,2023-12-23
Cordoba,SAN PELAYO,HARINA DE PLATANO,Bulto,18466.24,2023-07-23
Cordoba,SAHAGÚN,HARINA DE PLATANO,Bulto,13390.14,2023-12-23
Cordoba,SAN PELAYO,HARINA DE PLATANO,Bulto,27214.88,2023-08-09
Cordoba,SAN PELAYO,HARINA DE PLATANO,Bulto,3434.31,2023-10-03
Cordoba,SAN PELAYO,HARINA DE PLATANO,Bulto,33131.32,2023-05-19
Cordoba,MONTERÍA,HARINA DE PLATANO,Bulto,32973.55,2024-01-07
Cordoba,SAN PELAYO,HARINA DE PLATANO,Bulto,26571.21,2023-12-01
Cordoba,SAN PELAYO,HARINA DE PLATANO,Bulto,10994.4,2023-02-28
Cordoba,SAN PELAYO,HARINA DE PLATANO,Bulto,26241.3,2023-05-12
Cordoba,SAHAGÚN,HARINA DE PLATANO,Bulto,5467.56,2023-03-05
Cordoba,SAHAGÚN,HARINA DE PLATANO,Bulto,12877.06,2023-12-26
Cordoba,SAHAGÚN,HARINA DE PLATANO,Bulto,30932.16,2023-04-17
Cordoba,MONTERÍA,HARINA DE PLATANO,Bulto,34127.52,2023-04-13
Cordoba,SAN PELAYO,HARINA DE PLATANO,Bulto,17746.74,2023-06-18
Cordoba,SAHAGÚN,HARINA DE PLATANO,Bulto,16754.81,2023-02-21
Cordoba,SAHAGÚN,HARINA DE PLATANO,Bulto,18432.05,2023-09-29
Cordoba,SAHAGÚN,HARINA DE PLATANO,Bulto,34383.16,2023-04-20
Cordoba,SAN PELAYO,HARINA DE PLATANO,Bulto,17984.96,2023-07-16
Cordoba,SAHAGÚN,HARINA DE PLATANO,Bulto,29533.44,2023-12-21
Cordoba,SAN PELAYO,HARINA DE PLATANO,Bulto,18453.36,2023-08-06
Cordoba,SAN PELAYO,HARINA DE PLATANO,Bulto,24670.1,2023-11-10
Cordoba,SAHAGÚN,HARINA DE PLATANO,Bulto,14549.8,2023-12-18
Cordoba,SAHAGÚN,HARINA DE PLATANO,Bulto,16380.7,2023-07-04
Cordoba,MONTERÍA,HARINA DE PLATANO,Bulto,28926.66,2023-06-23
Cordoba,SAN PELAYO,HARINA DE PLATANO,Bulto,8887.62,2023-05-19
Cordoba,SAHAGÚN,HARINA DE PLATANO,Bulto,9067.5,2024-02-21
Cordoba,SAHAGÚN,HARINA DE PLATANO,Bulto,2531.46,2024-01-31
Cordoba,SAN PELAYO,HARINA DE PLATANO,Bulto,24863.92,2023-05-01
Cordoba,SAHAGÚN,HARINA DE PLATANO,Bulto,8649.93,2023-10-24
Cordoba,SAN PELAYO,HARINA DE PLATANO,Bulto,31250.24,2023-11-07
Cordoba,MONTERÍA,HARINA DE PLATANO,Bulto,3559.65,2023-08-14
Cordoba,SAN PELAYO,HARINA DE PLATANO,Bulto,27201.64,2023-07-24
Cordoba,MONTERÍA,HARINA DE PLATANO,Bulto,30587.239999999998,2023-06-16
Cordoba,MONTERÍA,HARINA DE PLATANO,Bulto,21250.5,2023-11-03
Cordoba,SAHAGÚN,HARINA DE PLATANO,Bulto,27132.93,2023-09-04
Cordoba,SAHAGÚN,HARINA DE PLATANO,Bulto,3979.02,2023-10-09
Cordoba,SAN PELAYO,HARINA DE PLATANO,Bulto,6372.26,2023-08-23
Cordoba,MONTERÍA,HARINA DE PLATANO,Bulto,26204.55,2023-02-12
Cordoba,MONTERÍA,HARINA DE PLATANO,Bulto,31979.7,2023-10-15
Cordoba,MONTERÍA,HARINA DE PLATANO,Bulto,7369.09,2023-08-25
Cordoba,SAN PELAYO,HARINA DE PLATANO,Bulto,28745.1,2023-09-11
Cordoba,SAN PELAYO,HARINA DE PLATANO,Bulto,31290.26,2023-12-14
Cordoba,SAHAGÚN,HARINA DE PLATANO,Bulto,18010.84,2024-01-13
Cordoba,MONTERÍA,HARINA DE PLATANO,Bulto,10991.42,2024-01-19
Cordoba,SAN PELAYO,HARINA DE PLATANO,Bulto,16123.92,2023-12-07
Cordoba,SAHAGÚN,HARINA DE PLATANO,Bulto,24104.989999999998,2023-11-10
Cordoba,MONTERÍA,HARINA DE PLATANO,Bulto,9204.48,2023-12-01
Cordoba,SAHAGÚN,HARINA DE PLATANO,Bulto,15248.7,2023-09-24
Cordoba,SAHAGÚN,HARINA DE PLATANO,Bulto,13896.6,2023-08-16
Cordoba,SAN PELAYO,HARINA DE PLATANO,Bulto,29652.35,2024-01-01
Cordoba,MONTERÍA,HARINA DE PLATANO,Bulto,4048.2,2023-09-04
Cordoba,SAHAGÚN,HARINA DE PLATANO,Bulto,32856.9,2023-06-17
Cordoba,MONTERÍA,HARINA DE PLATANO,Bulto,11566.28,2023-05-15
Cordoba,SAN PELAYO,HARINA DE PLATANO,Bulto,24603.08,2023-01-26
Cordoba,SAN PELAYO,HARINA DE PLATANO,Bulto,25139.85,2024-01-28
Cordoba,MONTERÍA,HARINA DE PLATANO,Bulto,29039.6,2023-04-12
Cordoba,MONTERÍA,HARINA DE PLATANO,Bulto,22642.29,2023-11-27
Cordoba,SAHAGÚN,HARINA DE PLATANO,Bulto,8855.1,2023-08-24
Cordoba,MONTERÍA,HARINA DE PLATANO,Bulto,35098.47,2023-05-29
Cordoba,MONTERÍA,HARINA DE PLATANO,Bulto,20731.28,2023-04-19
Cordoba,SAHAGÚN,HARINA DE PLATANO,Bulto,5489.96,2024-01-07
Cordoba,MONTERÍA,HARINA DE PLATANO,Bulto,21003.41,2023-07-09
Cordoba,SAHAGÚN,HARINA DE PLATANO,Bulto,19610.91,2023-09-20
Cordoba,MONTERÍA,HARINA DE PLATANO,Bulto,37371.51,2024-02-02
Cordoba,MONTERÍA,HARINA DE PLATANO,Bulto,33935.22,2023-11-01
Cordoba,SAN PELAYO,HARINA DE PLATANO,Bulto,7315,2023-10-11
Cordoba,SAN PELAYO,HARINA DE PLATANO,Bulto,31819,2023-04-16
Cordoba,SAHAGÚN,HARINA DE PLATANO,Bulto,13699.72,2023-10-16
Cordoba,SAN PELAYO,HARINA DE PLATANO,Bulto,4687.2,2023-06-24
Cordoba,MONTERÍA,HARINA DE PLATANO,Bulto,31150.66,2023-09-14
Cordoba,SAHAGÚN,Mojarra Roja,Kilogramo,11000,2023-11-27
Cordoba,SAN PELAYO,HARINA DE PLATANO,Libras,20000,2023-10-09
Cordoba,SAN PELAYO,FECULA DE PLATANO,Libras,1000,2023-03-18
Cordoba,SAN PELAYO,FECULA DE PLATANO,Bulto,6650,2023-02-10
Cordoba,SAN PELAYO,FECULA DE PLATANO,Caja,11400,2023-08-20
Cordoba,SAN PELAYO,FECULA DE PLATANO,Bulto,6650,2023-10-07
Cordoba,SAN PELAYO,HARINA DE PLATANO,Bulto,30129.6,2023-07-07
Cordoba,MONTERÍA,HARINA DE PLATANO,Libras,30000,2023-03-01
Cordoba,SAN PELAYO,HARINA DE PLATANO,Bulto,17970.36,2024-02-16
Cordoba,MONTERÍA,FECULA DE PLATANO,Libras,30000,2023-11-06
Cordoba,SAHAGÚN,Mojarra Roja,Kilogramo,15000,2023-08-09
Cordoba,MONTERÍA,FECULA DE PLATANO,Caja,11400,2023-04-20
Cordoba,MONTERÍA,FECULA DE PLATANO,Caja,114000,2023-05-12
Cordoba,SAHAGÚN,Mojarra Roja,Kilogramo,5008.32,2023-10-13
Cordoba,MONTERÍA,FECULA DE PLATANO,Bulto,29664.54,2023-01-27
Cordoba,SAN PELAYO,FECULA DE PLATANO,Bulto,27939.6,2023-11-21
Cordoba,MONTERÍA,FECULA DE PLATANO,Bulto,6299.93,2023-05-12
Cordoba,SAHAGÚN,FECULA DE PLATANO,Caja,26534.7,2023-06-14
Cordoba,SAN PELAYO,HARINA DE PLATANO,Libras,25101.12,2023-02-22
Cordoba,MONTERÍA,FECULA DE PLATANO,Libras,4598.55,2023-02-14
Cordoba,SAN PELAYO,HARINA DE PLATANO,Libras,30254.2,2023-06-20
Cordoba,SAHAGÚN,FECULA DE PLATANO,Libras,14898.24,2023-09-29
Cordoba,SAN PELAYO,FECULA DE PLATANO,Caja,10634.88,2023-11-01
Cordoba,SAHAGÚN,Mojarra Roja,Kilogramo,4258.8,2023-09-09
Cordoba,SAHAGÚN,FECULA DE PLATANO,Caja,16772.52,2024-02-05
Cordoba,MONTERÍA,FECULA DE PLATANO,Caja,22551.62,2023-11-01
Cordoba,SAHAGÚN,FECULA DE PLATANO,Caja,32227.8,2023-06-16
Cordoba,SAHAGÚN,FECULA DE PLATANO,Caja,32526.82,2023-05-10
Cordoba,MONTERÍA,FECULA DE PLATANO,Caja,11381.76,2023-06-05
Cordoba,SAN PELAYO,FECULA DE PLATANO,Caja,17420.15,2023-02-07
Cordoba,SAN PELAYO,HARINA DE PLATANO,Bulto,10153.78,2023-11-28
Cordoba,SAHAGÚN,HARINA DE PLATANO,Bulto,6585.67,2024-01-31
Cordoba,SAN PELAYO,Mojarra Roja,Kilogramo,9515.2,2023-12-25
Cordoba,SAHAGÚN,FECULA DE PLATANO,Caja,4624.84,2023-07-03
Cordoba,SAHAGÚN,HARINA DE PLATANO,Bulto,28329.84,2023-02-12
Cordoba,SAHAGÚN,HARINA DE PLATANO,Bulto,23414.49,2024-01-14
Cordoba,MONTERÍA,Mojarra Roja,Kilogramo,2628.45,2023-12-31
Cordoba,MONTERÍA,FECULA DE PLATANO,Bulto,2365.09,2023-12-27
Cordoba,SAN PELAYO,FECULA DE PLATANO,Bulto,19902.36,2023-02-22
Cordoba,MONTERÍA,FECULA DE PLATANO,Caja,9404.1,2023-03-07
Cordoba,MONTERÍA,HARINA DE PLATANO,Libras,15325.47,2023-11-07
Cordoba,SAHAGÚN,FECULA DE PLATANO,Libras,14160.16,2023-10-10
Cordoba,SAHAGÚN,HARINA DE PLATANO,Libras,16810.92,2023-08-30
Cordoba,MONTERÍA,FECULA DE PLATANO,Libras,35525.98,2023-11-04
Cordoba,SAHAGÚN,FECULA DE PLATANO,Caja,29594.11,2023-03-06
Cordoba,SAN PELAYO,Mojarra Roja,Kilogramo,19386.9,2023-08-06
Cordoba,MONTERÍA,FECULA DE PLATANO,Caja,32548.88,2023-03-04
Cordoba,SAN PELAYO,FECULA DE PLATANO,Caja,20185.65,2023-03-02
Cordoba,MONTERÍA,FECULA DE PLATANO,Caja,11387.16,2023-02-10
Cordoba,SAN PELAYO,FECULA DE PLATANO,Caja,15754.83,2023-06-17
Cordoba,MONTERÍA,FECULA DE PLATANO,Caja,14758.2,2023-05-26
Cordoba,SAHAGÚN,FECULA DE PLATANO,Caja,29618.68,2023-05-30
Cordoba,SAN PELAYO,HARINA DE PLATANO,Bulto,34534.4,2023-09-14
Cordoba,MONTERÍA,HARINA DE PLATANO,Bulto,22410.63,2023-11-09
Cordoba,SAHAGÚN,Mojarra Roja,Kilogramo,25889.49,2024-02-09
Cordoba,MONTERÍA,FECULA DE PLATANO,Bulto,25209.6,2023-08-03
Cordoba,SAN PELAYO,FECULA DE PLATANO,Bulto,29111.04,2023-06-15
Cordoba,MONTERÍA,FECULA DE PLATANO,Bulto,32412.48,2023-11-30
Cordoba,MONTERÍA,FECULA DE PLATANO,Caja,20124.65,2024-02-17
Cordoba,MONTERÍA,HARINA DE PLATANO,Libras,23100.35,2023-10-10
Cordoba,SAHAGÚN,FECULA DE PLATANO,Libras,24601.92,2023-08-16
Cordoba,SAHAGÚN,HARINA DE PLATANO,Libras,11788.2,2023-08-02
Cordoba,SAN PELAYO,FECULA DE PLATANO,Libras,24177.25,2024-02-19
Cordoba,MONTERÍA,FECULA DE PLATANO,Caja,32179.28,2023-06-14
Cordoba,MONTERÍA,Mojarra Roja,Kilogramo,4240.8,2023-07-03
Cordoba,MONTERÍA,FECULA DE PLATANO,Caja,20111.2,2023-09-27
Cordoba,MONTERÍA,FECULA DE PLATANO,Caja,8643.84,2023-05-22
Cordoba,SAN PELAYO,FECULA DE PLATANO,Caja,8208.9,2023-12-04
Cordoba,SAHAGÚN,FECULA DE PLATANO,Caja,22102.08,2023-07-03
Cordoba,MONTERÍA,FECULA DE PLATANO,Caja,21386.32,2024-01-12
Cordoba,SAN PELAYO,FECULA DE PLATANO,Caja,9938.76,2024-02-28
Cordoba,MONTERÍA,FECULA DE PLATANO,Caja,22767.29,2023-06-17
Cordoba,SAN PELAYO,FECULA DE PLATANO,Caja,5290.38,2023-03-28
Cordoba,SAN PELAYO,FECULA DE PLATANO,Caja,28959.35,2023-12-07
Cordoba,SAHAGÚN,HARINA DE PLATANO,Bulto,15201.84,2023-06-02
Cordoba,MONTERÍA,HARINA DE PLATANO,Bulto,33957.2,2023-11-19
Cordoba,MONTERÍA,Mojarra Roja,Kilogramo,33421.41,2023-12-20
Cordoba,SAN PELAYO,FECULA DE PLATANO,Bulto,16617.15,2023-10-19
Cordoba,SAN PELAYO,FECULA DE PLATANO,Bulto,29491.14,2023-05-19
Cordoba,MONTERÍA,FECULA DE PLATANO,Bulto,21356.16,2023-04-26
Cordoba,SAN PELAYO,FECULA DE PLATANO,Caja,7866.46,2023-08-17
Cordoba,SAN PELAYO,HARINA DE PLATANO,Libras,7629.72,2024-01-01
Cordoba,SAHAGÚN,FECULA DE PLATANO,Libras,32028.36,2023-06-27
Cordoba,SAHAGÚN,HARINA DE PLATANO,Libras,22784.72,2023-06-08
Cordoba,SAHAGÚN,FECULA DE PLATANO,Libras,34912.5,2023-05-09
Cordoba,SAN PELAYO,FECULA DE PLATANO,Caja,6307.91,2023-12-04
Cordoba,SAN PELAYO,Mojarra Roja,Kilogramo,33990.32,2023-05-03
Cordoba,SAHAGÚN,FECULA DE PLATANO,Caja,29522.79,2023-03-08
Cordoba,SAN PELAYO,FECULA DE PLATANO,Caja,4816.8,2023-10-18
Cordoba,SAHAGÚN,FECULA DE PLATANO,Caja,15261.12,2023-02-16
Cordoba,MONTERÍA,FECULA DE PLATANO,Caja,8990.1,2023-07-03
Cordoba,SAN PELAYO,FECULA DE PLATANO,Caja,25097.8,2023-11-05
Cordoba,MONTERÍA,FECULA DE PLATANO,Caja,7304.74,2023-09-27
Cordoba,SAHAGÚN,HARINA DE PLATANO,Bulto,29893.05,2023-02-21
Cordoba,MONTERÍA,HARINA DE PLATANO,Bulto,5989.5,2023-01-30
Cordoba,MONTERÍA,Mojarra Roja,Kilogramo,29957.2,2023-06-01
Cordoba,SAHAGÚN,FECULA DE PLATANO,Bulto,32250.6,2024-02-15
Cordoba,SAN PELAYO,FECULA DE PLATANO,Bulto,29144.1,2024-02-24
Cordoba,SAN PELAYO,HARINA DE PLATANO,Bulto,9500,2024-02-21
Cordoba,SAN PELAYO,HARINA DE PLATANO,Bulto,9500,2023-06-02
Cordoba,SAN PELAYO,HARINA DE PLATANO,Bulto,9500,2023-03-29
Cordoba,SAN PELAYO,HARINA DE PLATANO,Bulto,9500,2023-06-01
Cordoba,SAN PELAYO,HARINA DE PLATANO,Bulto,9500,2023-10-16
Cordoba,SAN PELAYO,HARINA DE PLATANO,Bulto,9500,2023-03-04
Cordoba,SAN PELAYO,HARINA DE PLATANO,Bulto,31579.2,2023-02-21
Cordoba,MONTERÍA,HARINA DE PLATANO,Bulto,7536.6,2023-08-08
Cordoba,SAHAGÚN,HARINA DE PLATANO,Bulto,28359.8,2023-07-09
Cordoba,SAN PELAYO,HARINA DE PLATANO,Bulto,31459.5,2023-04-08
Cordoba,SAHAGÚN,HARINA DE PLATANO,Bulto,32247.75,2024-01-15
Cordoba,SAHAGÚN,HARINA DE PLATANO,Bulto,30926.22,2023-04-24
Cordoba,SAN PELAYO,FECULA DE PLATANO,Caja,12000,2023-11-24
Cordoba,SAN PELAYO,HARINA DE PLATANO,Bulto,9500,2023-05-26
Cordoba,SAN PELAYO,HARINA DE PLATANO,Bulto,98000,2023-06-01
Cordoba,MONTERÍA,FECULA DE PLATANO,Bulto,20000,2023-11-10
Cordoba,SAN PELAYO,FECULA DE PLATANO,Caja,11760,2023-05-04
Cordoba,SAN PELAYO,FECULA DE PLATANO,Bulto,23589.72,2023-08-29
Cordoba,MONTERÍA,FECULA DE PLATANO,Bulto,10582.52,2024-02-19
Cordoba,MONTERÍA,FECULA DE PLATANO,Bulto,21167.1,2023-06-28
Cordoba,SAN PELAYO,FECULA DE PLATANO,Caja,16930.65,2023-08-03
Cordoba,SAN PELAYO,HARINA DE PLATANO,Libras,17012.49,2023-03-16
Cordoba,SAHAGÚN,FECULA DE PLATANO,Libras,24411.66,2024-02-21
Cordoba,SAHAGÚN,HARINA DE PLATANO,Libras,11805.42,2023-07-12
Cordoba,SAHAGÚN,FECULA DE PLATANO,Libras,20441.52,2023-10-30
Cordoba,MONTERÍA,FECULA DE PLATANO,Caja,26862.78,2023-02-27
Cordoba,MONTERÍA,Mojarra Roja,Kilogramo,4105.92,2023-10-15
Cordoba,SAN PELAYO,FECULA DE PLATANO,Caja,7325.1,2023-08-04
Cordoba,MONTERÍA,FECULA DE PLATANO,Caja,8886.76,2023-07-04
Cordoba,MONTERÍA,FECULA DE PLATANO,Caja,22445.24,2024-01-09
Cordoba,SAHAGÚN,FECULA DE PLATANO,Caja,11718.84,2023-05-30
Cordoba,MONTERÍA,FECULA DE PLATANO,Caja,3743.23,2023-10-31
Cordoba,MONTERÍA,FECULA DE PLATANO,Bulto,26909.08,2023-09-06
Cordoba,SAN PELAYO,FECULA DE PLATANO,Caja,23967.03,2023-03-11
Cordoba,SAN PELAYO,FECULA DE PLATANO,Caja,16362.9,2023-05-07
Cordoba,SAHAGÚN,FECULA DE PLATANO,Caja,23263.6,2023-08-24
Cordoba,SAN PELAYO,HARINA DE PLATANO,Bulto,17273.82,2023-03-02
Cordoba,MONTERÍA,HARINA DE PLATANO,Bulto,9136.54,2023-03-21
Cordoba,MONTERÍA,Mojarra Roja,Kilogramo,10921.86,2023-08-28
Cordoba,SAN PELAYO,FECULA DE PLATANO,Bulto,11876.9,2023-06-14
Cordoba,SAN PELAYO,FECULA DE PLATANO,Bulto,10623.34,2023-04-18
Cordoba,SAHAGÚN,FECULA DE PLATANO,Bulto,6143.65,2023-12-09
Cordoba,MONTERÍA,FECULA DE PLATANO,Caja,11011.2,2023-10-24
Cordoba,SAHAGÚN,HARINA DE PLATANO,Libras,29549.94,2023-02-06
Cordoba,SAHAGÚN,FECULA DE PLATANO,Libras,11616.66,2023-08-29
Cordoba,MONTERÍA,HARINA DE PLATANO,Libras,7615.88,2023-07-11
Cordoba,SAN PELAYO,FECULA DE PLATANO,Libras,13131.36,2023-11-08
Cordoba,SAN PELAYO,FECULA DE PLATANO,Caja,32226.3,2023-04-23
Cordoba,SAHAGÚN,Mojarra Roja,Kilogramo,32062.92,2023-04-30
Cordoba,SAHAGÚN,FECULA DE PLATANO,Bulto,29799,2023-08-21
Cordoba,SAHAGÚN,FECULA DE PLATANO,Caja,30205.96,2023-10-02
Cordoba,SAN PELAYO,HARINA DE PLATANO,Libras,31999.5,2023-05-24
Cordoba,MONTERÍA,FECULA DE PLATANO,Libras,30783.06,2024-02-16
Cordoba,SAHAGÚN,HARINA DE PLATANO,Libras,29877.26,2023-04-06
Cordoba,SAHAGÚN,FECULA DE PLATANO,Libras,8039.36,2023-04-01
Cordoba,MONTERÍA,FECULA DE PLATANO,Caja,21307.77,2023-09-19
Cordoba,SAN PELAYO,Mojarra Roja,Kilogramo,24766.4,2023-02-22
Cordoba,SAHAGÚN,FECULA DE PLATANO,Caja,22785,2023-10-31
Cordoba,SAN PELAYO,FECULA DE PLATANO,Caja,20180.16,2024-01-02
Cordoba,MONTERÍA,FECULA DE PLATANO,Caja,27363.39,2024-02-27
Cordoba,SAHAGÚN,FECULA DE PLATANO,Caja,18518.08,2023-07-12
Cordoba,SAN PELAYO,FECULA DE PLATANO,Caja,5427,2023-12-25
Cordoba,MONTERÍA,FECULA DE PLATANO,Caja,5822.19,2023-02-07
Cordoba,MONTERÍA,HARINA DE PLATANO,Bulto,22559.65,2023-01-28
Cordoba,MONTERÍA,HARINA DE PLATANO,Bulto,25752.09,2023-08-01
Cordoba,SAHAGÚN,Mojarra Roja,Kilogramo,19958.4,2023-06-09
Cordoba,SAN PELAYO,FECULA DE PLATANO,Bulto,14146.2,2023-10-21
Cordoba,SAN PELAYO,FECULA DE PLATANO,Bulto,32770.41,2023-03-23
Cordoba,SAN PELAYO,FECULA DE PLATANO,Caja,17712,2023-09-05
Cordoba,MONTERÍA,HARINA DE PLATANO,Libras,4368.84,2024-01-01
Cordoba,SAN PELAYO,FECULA DE PLATANO,Libras,27613.46,2024-01-28
Cordoba,SAN PELAYO,HARINA DE PLATANO,Libras,13727.84,2023-10-11
Cordoba,MONTERÍA,FECULA DE PLATANO,Libras,6955.06,2023-04-28
Cordoba,SAN PELAYO,FECULA DE PLATANO,Caja,23312.94,2023-11-06
Cordoba,MONTERÍA,Mojarra Roja,Kilogramo,4437,2023-09-01
Cordoba,SAN PELAYO,FECULA DE PLATANO,Caja,10865.15,2023-06-22
Cordoba,MONTERÍA,FECULA DE PLATANO,Caja,19037.05,2023-01-28
Cordoba,SAN PELAYO,FECULA DE PLATANO,Caja,18950.4,2023-08-23
Cordoba,SAN PELAYO,FECULA DE PLATANO,Caja,31209.75,2023-10-31
Cordoba,SAHAGÚN,FECULA DE PLATANO,Caja,4332.46,2023-10-01
Cordoba,MONTERÍA,FECULA DE PLATANO,Caja,4324.4,2023-11-04
Cordoba,SAN PELAYO,HARINA DE PLATANO,Bulto,34843.2,2023-09-13
Cordoba,SAHAGÚN,HARINA DE PLATANO,Bulto,27358.08,2023-05-28
Cordoba,SAN PELAYO,Mojarra Roja,Kilogramo,6994.67,2023-05-12
Cordoba,MONTERÍA,FECULA DE PLATANO,Bulto,21470.95,2024-01-13
Cordoba,MONTERÍA,FECULA DE PLATANO,Bulto,22072.32,2023-09-21
Cordoba,MONTERÍA,FECULA DE PLATANO,Bulto,28724.78,2024-02-10
Cordoba,MONTERÍA,FECULA DE PLATANO,Caja,6906.06,2024-01-06
Cordoba,SAHAGÚN,HARINA DE PLATANO,Libras,33799.92,2023-02-25
Cordoba,MONTERÍA,FECULA DE PLATANO,Libras,25724.02,2023-12-25
Cordoba,MONTERÍA,HARINA DE PLATANO,Libras,23517.45,2023-09-07
Cordoba,MONTERÍA,FECULA DE PLATANO,Libras,15016.5,2023-09-16
Cordoba,SAN PELAYO,FECULA DE PLATANO,Caja,6953.3099999999995,2023-03-29
Cordoba,SAHAGÚN,Mojarra Roja,Kilogramo,8488.11,2023-10-14
Cordoba,MONTERÍA,FECULA DE PLATANO,Caja,3963.6,2023-04-20
Cordoba,SAHAGÚN,FECULA DE PLATANO,Caja,30822.989999999998,2023-03-28
Cordoba,MONTERÍA,FECULA DE PLATANO,Caja,6458.85,2023-07-05
Cordoba,SAN PELAYO,FECULA DE PLATANO,Caja,20550.04,2024-01-05
Cordoba,SAHAGÚN,FECULA DE PLATANO,Caja,9997.5,2023-11-18
Cordoba,SAN PELAYO,FECULA DE PLATANO,Caja,14717.76,2024-02-19
Cordoba,SAHAGÚN,HARINA DE PLATANO,Bulto,14160.96,2023-06-27
Cordoba,SAHAGÚN,HARINA DE PLATANO,Bulto,14605.5,2023-08-10
Cordoba,SAHAGÚN,Mojarra Roja,Kilogramo,14677.2,2023-10-13
Cordoba,SAN PELAYO,FECULA DE PLATANO,Bulto,29838.6,2023-11-11
Cordoba,SAN PELAYO,FECULA DE PLATANO,Bulto,10911.81,2024-01-14
Cordoba,SAN PELAYO,FECULA DE PLATANO,Bulto,23686.17,2023-08-19
Cordoba,MONTERÍA,FECULA DE PLATANO,Caja,18646.2,2023-08-16
Cordoba,MONTERÍA,HARINA DE PLATANO,Libras,7587.65,2023-12-25
Cordoba,SAN PELAYO,FECULA DE PLATANO,Libras,33883.62,2023-12-22
Cordoba,MONTERÍA,HARINA DE PLATANO,Libras,11876.1,2023-07-20
Cordoba,SAHAGÚN,FECULA DE PLATANO,Libras,28857.6,2023-07-25
Cordoba,SAN PELAYO,FECULA DE PLATANO,Caja,31570.63,2023-04-03
Cordoba,SAN PELAYO,Mojarra Roja,Kilogramo,28245.56,2024-02-12
Cordoba,SAN PELAYO,FECULA DE PLATANO,Caja,9288,2023-09-09
Cordoba,SAHAGÚN,FECULA DE PLATANO,Caja,17966.67,2024-01-08
Cordoba,MONTERÍA,FECULA DE PLATANO,Caja,29067.84,2023-05-26
Cordoba,SAN PELAYO,FECULA DE PLATANO,Caja,17010.8,2023-10-31
Cordoba,MONTERÍA,HARINA DE PLATANO,Bulto,21385.94,2023-03-20
Cordoba,MONTERÍA,HARINA DE PLATANO,Bulto,22419.46,2023-11-11
Cordoba,SAN PELAYO,Mojarra Roja,Kilogramo,19930.5,2023-02-23
Cordoba,SAN PELAYO,FECULA DE PLATANO,Bulto,6486.6,2024-02-28
Cordoba,SAN PELAYO,FECULA DE PLATANO,Bulto,34735.82,2023-11-13
Cordoba,SAHAGÚN,FECULA DE PLATANO,Bulto,9739.34,2023-03-07
Cordoba,MONTERÍA,FECULA DE PLATANO,Caja,8862.14,2023-07-17
Cordoba,MONTERÍA,HARINA DE PLATANO,Libras,31477.81,2023-07-17
Cordoba,MONTERÍA,FECULA DE PLATANO,Libras,19545.6,2024-01-21
Cordoba,MONTERÍA,HARINA DE PLATANO,Libras,12939.29,2023-03-30
Cordoba,SAHAGÚN,FECULA DE PLATANO,Libras,12137.28,2023-11-13
Cordoba,SAHAGÚN,FECULA DE PLATANO,Caja,8196.8,2023-02-04
Cordoba,MONTERÍA,Mojarra Roja,Kilogramo,9692.2,2023-05-25
Cordoba,MONTERÍA,FECULA DE PLATANO,Caja,23640.3,2023-03-20
Cordoba,SAN PELAYO,FECULA DE PLATANO,Caja,7896.6,2024-02-06
Cordoba,SAN PELAYO,FECULA DE PLATANO,Caja,18889.78,2023-02-20
Cordoba,SAHAGÚN,FECULA DE PLATANO,Caja,23269.95,2023-08-12
Cordoba,MONTERÍA,FECULA DE PLATANO,Caja,7420.47,2023-09-30
Cordoba,SAHAGÚN,HARINA DE PLATANO,Bulto,8595.56,2023-03-10
Cordoba,SAHAGÚN,HARINA DE PLATANO,Bulto,5282.1,2023-10-22
Cordoba,SAHAGÚN,Mojarra Roja,Kilogramo,31917.6,2023-12-19
Cordoba,MONTERÍA,FECULA DE PLATANO,Bulto,25617.6,2023-12-11
Cordoba,SAHAGÚN,FECULA DE PLATANO,Bulto,31906.71,2023-07-26
Cordoba,SAN PELAYO,FECULA DE PLATANO,Bulto,19301.1,2023-09-06
Cordoba,MONTERÍA,FECULA DE PLATANO,Caja,3050.88,2023-11-30
Cordoba,SAN PELAYO,HARINA DE PLATANO,Libras,23078.88,2023-04-15
Cordoba,SAN PELAYO,FECULA DE PLATANO,Libras,20775.27,2023-03-15
Cordoba,SAN PELAYO,HARINA DE PLATANO,Libras,30564.239999999998,2024-01-13
Cordoba,SAN PELAYO,FECULA DE PLATANO,Libras,20153.7,2023-07-13
Cordoba,SAN PELAYO,FECULA DE PLATANO,Caja,12502.92,2024-01-22
Cordoba,MONTERÍA,Mojarra Roja,Kilogramo,29433.57,2023-08-04
Cordoba,MONTERÍA,FECULA DE PLATANO,Kilogramo,1900,2024-04-19
Cordoba,SAN PELAYO,FECULA DE PLATANO,Caja,21834.54,2023-12-15
Cordoba,MONTERÍA,FECULA DE PLATANO,Caja,22481.55,2023-11-22
Cordoba,MONTERÍA,FECULA DE PLATANO,Caja,15800.08,2023-07-28
Cordoba,SAN PELAYO,FECULA DE PLATANO,Caja,13032.04,2024-02-14
Cordoba,MONTERÍA,FECULA DE PLATANO,Caja,16921.56,2024-02-17
Cordoba,SAN PELAYO,FECULA DE PLATANO,Caja,6434.61,2023-04-07
Cordoba,SAN PELAYO,HARINA DE PLATANO,Bulto,15858.04,2023-11-19
Cordoba,SAHAGÚN,HARINA DE PLATANO,Bulto,27683.04,2024-01-10
Cordoba,SAN PELAYO,Mojarra Roja,Kilogramo,25485.84,2023-09-09
Cordoba,SAHAGÚN,FECULA DE PLATANO,Bulto,13613.34,2023-01-28
Cordoba,MONTERÍA,FECULA DE PLATANO,Bulto,21253.29,2023-09-05
Cordoba,SAHAGÚN,FECULA DE PLATANO,Bulto,18568.36,2023-02-25
Cordoba,SAN PELAYO,FECULA DE PLATANO,Caja,13901.2,2023-04-29
Cordoba,SAN PELAYO,HARINA DE PLATANO,Libras,10509.2,2023-12-31
Cordoba,SAHAGÚN,FECULA DE PLATANO,Libras,27106.35,2023-11-23
Cordoba,MONTERÍA,HARINA DE PLATANO,Libras,20653.68,2023-05-28
Cordoba,SAN PELAYO,FECULA DE PLATANO,Libras,14281.74,2023-12-17
Cordoba,SAN PELAYO,FECULA DE PLATANO,Caja,28879.760000000002,2024-02-07
Cordoba,SAN PELAYO,Mojarra Roja,Kilogramo,29817.74,2023-05-29
Cordoba,SAHAGÚN,FECULA DE PLATANO,Caja,33378.25,2023-11-09
Cordoba,SAHAGÚN,FECULA DE PLATANO,Caja,24087.7,2023-06-24
Cordoba,SAN PELAYO,FECULA DE PLATANO,Caja,27902.7,2023-11-05
Cordoba,SAN PELAYO,FECULA DE PLATANO,Caja,13305.11,2023-07-24
Cordoba,MONTERÍA,FECULA DE PLATANO,Caja,26818.68,2023-08-26
Cordoba,SAN PELAYO,FECULA DE PLATANO,Caja,23679.74,2023-05-05
Cordoba,SAN PELAYO,FECULA DE PLATANO,Caja,12896.56,2023-06-05
Cordoba,MONTERÍA,FECULA DE PLATANO,Caja,8827.54,2023-05-18
Cordoba,SAN PELAYO,FECULA DE PLATANO,Caja,20631.36,2024-02-03
Cordoba,SAN PELAYO,FECULA DE PLATANO,Caja,18922.82,2023-06-02
Cordoba,SAN PELAYO,FECULA DE PLATANO,Caja,5517.69,2023-05-27
Cordoba,SAN PELAYO,FECULA DE PLATANO,Caja,29345.239999999998,2023-10-10
Cordoba,SAN PELAYO,HARINA DE PLATANO,Bulto,28346.4,2023-12-03
Cordoba,SAHAGÚN,HARINA DE PLATANO,Bulto,21182.07,2023-07-16
Cordoba,SAN PELAYO,HARINA DE PLATANO,Bulto,28355.04,2023-04-09
Cordoba,MONTERÍA,HARINA DE PLATANO,Bulto,12204.54,2023-06-30
Cordoba,MONTERÍA,HARINA DE PLATANO,Bulto,28768.5,2023-10-18
Cordoba,MONTERÍA,HARINA DE PLATANO,Bulto,5049.88,2023-05-24
